Hectares,Agriblock,Variety,Soil Types,Seedrate(in Kg),LP_Mainfield(in Tonnes),Nursery,Nursery area (Cents),LP_nurseryarea(in Tonnes),DAP_20days,Weed28D_thiobencarb,Urea_40Days,Potassh_50Days,Micronutrients_70Days,Pest_60Day(in ml),30DRain( in mm),30DAI(in mm),30_50DRain( in mm),30_50DAI(in mm),51_70DRain(in mm),51_70AI(in mm),71_105DRain(in mm),71_105DAI(in mm),Min temp_D1_D30,Max temp_D1_D30,Min temp_D31_D60,Max temp_D31_D60,Min temp_D61_D90,Max temp_D61_D90,Min temp_D91_D120,Max temp_D91_D120,Inst Wind Speed_D1_D30(in Knots),Inst Wind Speed_D31_D60(in Knots),Inst Wind Speed_D61_D90(in Knots),Inst Wind Speed_D91_D120(in Knots),Wind Direction_D1_D30,Wind Direction_D31_D60,Wind Direction_D61_D90,Wind Direction_D91_D120,Relative Humidity_D1_D30,Relative Humidity_D31_D60,Relative Humidity_D61_D90,Relative Humidity_D91_D120,Trash(in bundles),Paddy yield(in Kg)
6,Cuddalore,CO_43,alluvial,150,75.0,dry,120,6,240,12,162.78,62.28,90,3600,19.6,20.4,187.2,270.8,167.0,250.0,61.0,64.0,18.5,34,16.0,30,15.5,31.0,16.0,33.0,4,10,8,10,SW,W,NNW,WSW,72.0,78,88,85,540,35028
6,Kurinjipadi,ponmani,clay,150,75.0,wet,120,6,240,12,162.78,62.28,90,3600,19.6,20.4,187.2,270.8,167.0,250.0,61.0,64.0,19.5,34,18.5,35,17.0,32.5,16.0,30.5,10,4,10,6,NW,S,SE,SSE,64.6,85,84,87,600,35412
6,Panruti,delux ponni,alluvial,150,75.0,dry,120,6,240,12,162.78,62.28,90,3600,18.5,21.5,185.2,272.8,165.3,251.7,60.0,65.0,20.0,35,18.0,30,17.5,33.5,18.0,33.0,4,12,4,12,ENE,NE,NNE,W,85.0,96,84,79,600,36300
6,Kallakurichi,CO_43,clay,150,75.0,wet,120,6,240,12,162.78,62.28,90,3600,18.5,21.5,185.2,272.8,165.3,251.7,60.0,65.0,19.0,33,17.0,32,16.5,31.5,15.5,32.5,8,6,8,6,W,WNW,SE,S,88.5,95,81,84,540,35016
6,Sankarapuram,ponmani,alluvial,150,75.0,dry,120,6,240,12,162.78,62.28,90,3600,18.1,21.9,185.6,272.4,166.1,250.9,60.2,64.8,20.5,32,17.5,28,18.0,34.0,16.5,35.0,10,12,10,12,SSE,W,SW,NW,72.7,91,83,81,600,34044
6,Chinnasalem,delux ponni,alluvial,150,75.0,wet,120,6,240,12,162.78,62.28,90,3600,18.1,21.9,185.6,272.4,166.1,250.9,60.2,64.8,18.0,31,15.5,34,15.0,33.0,15.0,31.5,6,6,8,10,E,ENE,NE,NNW,78.6,80,92,88,480,36732
6,Cuddalore,CO_43,clay,150,75.0,wet,120,6,240,12,162.78,62.28,90,3600,19.6,20.4,187.2,270.8,167.0,250.0,61.0,64.0,18.5,34,16.0,30,15.5,31.0,16.0,33.0,4,10,8,10,SW,W,NNW,WSW,72.0,78,88,85,540,33162
6,Kurinjipadi,delux ponni,alluvial,150,75.0,dry,120,6,240,12,162.78,62.28,90,3600,19.6,20.4,187.2,270.8,167.0,250.0,61.0,64.0,19.5,34,18.5,35,17.0,32.5,16.0,30.5,10,4,10,6,NW,S,SE,SSE,64.6,85,84,87,480,36690
6,Panruti,ponmani,clay,150,75.0,dry,120,6,240,12,162.78,62.28,90,3600,18.5,21.5,185.2,272.8,165.3,251.7,60.0,65.0,20.0,35,18.0,30,17.5,33.5,18.0,33.0,4,12,4,12,ENE,NE,NNE,W,85.0,96,84,79,600,35310
6,Kallakurichi,CO_43,alluvial,150,75.0,dry,120,6,240,12,162.78,62.28,90,3600,18.5,21.5,185.2,272.8,165.3,251.7,60.0,65.0,19.0,33,17.0,32,16.5,31.5,15.5,32.5,8,6,8,6,W,WNW,SE,S,88.5,95,81,84,540,32460
6,Sankarapuram,ponmani,clay,150,75.0,wet,120,6,240,12,162.78,62.28,90,3600,18.1,21.9,185.6,272.4,166.1,250.9,60.2,64.8,20.5,32,17.5,28,18.0,34.0,16.5,35.0,10,12,10,12,SSE,W,SW,NW,72.7,91,83,81,600,34152
6,Chinnasalem,delux ponni,alluvial,150,75.0,wet,120,6,240,12,162.78,62.28,90,3600,18.1,21.9,185.6,272.4,166.1,250.9,60.2,64.8,18.0,31,15.5,34,15.0,33.0,15.0,31.5,6,6,8,10,E,ENE,NE,NNW,78.6,80,92,88,480,36090
6,Cuddalore,CO_43,clay,150,75.0,wet,120,6,240,12,162.78,62.28,90,3600,19.6,20.4,187.2,270.8,167.0,250.0,61.0,64.0,18.5,34,16.0,30,15.5,31.0,16.0,33.0,4,10,8,10,SW,W,NNW,WSW,72.0,78,88,85,540,34596
6,Kurinjipadi,ponmani,clay,150,75.0,wet,120,6,240,12,162.78,62.28,90,3600,19.6,20.4,187.2,270.8,167.0,250.0,61.0,64.0,19.5,34,18.5,35,17.0,32.5,16.0,30.5,10,4,10,6,NW,S,SE,SSE,64.6,85,84,87,600,34458
6,Panruti,delux ponni,clay,150,75.0,wet,120,6,240,12,162.78,62.28,90,3600,18.5,21.5,185.2,272.8,165.3,251.7,60.0,65.0,20.0,35,18.0,30,17.5,33.5,18.0,33.0,4,12,4,12,ENE,NE,NNE,W,85.0,96,84,79,480,37926
6,Kallakurichi,CO_43,clay,150,75.0,wet,120,6,240,12,162.78,62.28,90,3600,18.5,21.5,185.2,272.8,165.3,251.7,60.0,65.0,19.0,33,17.0,32,16.5,31.5,15.5,32.5,8,6,8,6,W,WNW,SE,S,88.5,95,81,84,540,32778
6,Sankarapuram,delux ponni,alluvial,150,75.0,dry,120,6,240,12,162.78,62.28,90,3600,18.1,21.9,185.6,272.4,166.1,250.9,60.2,64.8,20.5,32,17.5,28,18.0,34.0,16.5,35.0,10,12,10,12,SSE,W,SW,NW,72.7,91,83,81,480,37278
6,Chinnasalem,ponmani,clay,150,75.0,dry,120,6,240,12,162.78,62.28,90,3600,18.1,21.9,185.6,272.4,166.1,250.9,60.2,64.8,18.0,31,15.5,34,15.0,33.0,15.0,31.5,6,6,8,10,E,ENE,NE,NNW,78.6,80,92,88,600,33666
6,Cuddalore,CO_43,clay,150,75.0,dry,120,6,240,12,162.78,62.28,90,3600,19.6,20.4,187.2,270.8,167.0,250.0,61.0,64.0,18.5,34,16.0,30,15.5,31.0,16.0,33.0,4,10,8,10,SW,W,NNW,WSW,72.0,78,88,85,540,34386
6,Kurinjipadi,ponmani,alluvial,150,75.0,dry,120,6,240,12,162.78,62.28,90,3600,19.6,20.4,187.2,270.8,167.0,250.0,61.0,64.0,19.5,34,18.5,35,17.0,32.5,16.0,30.5,10,4,10,6,NW,S,SE,SSE,64.6,85,84,87,600,35658
6,Panruti,delux ponni,clay,150,75.0,dry,120,6,240,12,162.78,62.28,90,3600,18.5,21.5,185.2,272.8,165.3,251.7,60.0,65.0,20.0,35,18.0,30,17.5,33.5,18.0,33.0,4,12,4,12,ENE,NE,NNE,W,85.0,96,84,79,480,37362
6,Kallakurichi,CO_43,clay,150,75.0,dry,120,6,240,12,162.78,62.28,90,3600,18.5,21.5,185.2,272.8,165.3,251.7,60.0,65.0,19.0,33,17.0,32,16.5,31.5,15.5,32.5,8,6,8,6,W,WNW,SE,S,88.5,95,81,84,540,34716
6,Sankarapuram,ponmani,alluvial,150,75.0,dry,120,6,240,12,162.78,62.28,90,3600,18.1,21.9,185.6,272.4,166.1,250.9,60.2,64.8,20.5,32,17.5,28,18.0,34.0,16.5,35.0,10,12,10,12,SSE,W,SW,NW,72.7,91,83,81,600,35646
6,Chinnasalem,delux ponni,clay,150,75.0,dry,120,6,240,12,162.78,62.28,90,3600,18.1,21.9,185.6,272.4,166.1,250.9,60.2,64.8,18.0,31,15.5,34,15.0,33.0,15.0,31.5,6,6,8,10,E,ENE,NE,NNW,78.6,80,92,88,480,38496
6,Cuddalore,CO_43,clay,150,75.0,dry,120,6,240,12,162.78,62.28,90,3600,19.6,20.4,187.2,270.8,167.0,250.0,61.0,64.0,18.5,34,16.0,30,15.5,31.0,16.0,33.0,4,10,8,10,SW,W,NNW,WSW,72.0,78,88,85,540,35496
