node,degree,weighted_degree
0,400,133.28560114197737
1,400,138.61966219826354
2,400,119.99151973053662
3,400,121.28101058297847
4,426,174.34442278276117
5,400,126.67941370989797
6,400,133.1178598277229
7,400,151.35726463029903
8,400,119.76502394634541
9,400,121.2998934126567
10,426,174.2829152888036
11,400,126.67941370989797
12,400,133.1178598277229
13,400,138.61966219826354
14,400,130.5504963546375
15,400,121.28101058297847
16,426,190.27196745566033
17,400,115.90990526940485
18,400,133.2443699241541
19,400,138.6063457306244
20,400,130.68213648267658
21,400,121.35216423700228
22,426,174.34442278276117
23,400,126.76688067440536
24,400,133.2443699241541
25,400,151.40487139184683
26,400,119.77078197722044
27,400,116.03952475409598
28,426,174.3796673763539
29,400,115.89229096334326
30,400,133.28560114197737
31,400,138.6063457306244
32,400,119.77078197722044
33,400,115.97303316012788
34,426,190.27196745566033
35,400,126.7673793083981
36,400,139.12361648667837
37,400,138.67882277434384
38,400,130.68213648267658
39,400,121.35216423700228
40,429,190.3351977988236
41,400,126.76688067440537
42,400,133.24436992415414
43,400,138.61966219826354
44,400,130.5830235429676
45,400,121.23494974525653
46,426,174.25682341979243
47,400,126.67941370989799
48,400,133.16530886346493
49,400,151.2946080734365
50,400,119.65420226800312
51,400,121.23494974525653
52,426,174.2829152888036
53,400,126.67226830162487
54,400,133.1178598277229
55,400,138.67882277434384
56,400,130.68213648267658
57,400,121.35216423700228
58,429,190.3351977988236
59,400,115.89229096334326
60,400,133.2443699241541
61,400,138.6063457306244
62,400,130.68213648267658
63,400,121.23494974525653
64,426,174.25682341979243
65,400,126.67226830162487
66,400,133.16530886346493
67,400,151.33859016455278
68,400,119.65420226800312
69,400,115.97700814135773
70,426,174.34442278276117
71,400,115.90990526940485
72,400,133.2443699241541
73,400,138.6063457306244
74,400,119.76502394634541
75,400,116.03952475409598
76,426,190.27196745566033
77,400,126.76688067440537
78,400,138.99821692195655
79,400,138.61966219826354
80,400,130.5504963546375
81,400,121.23494974525653
82,429,190.22797094195917
83,400,126.67941370989797
84,400,133.1178598277229
85,400,138.61966219826354
86,400,130.5830235429676
87,400,121.28101058297847
88,426,174.25682341979243
89,400,126.67941370989799
90,400,133.24436992415414
91,400,151.35726463029903
92,400,119.77078197722044
93,400,121.29989341265669
94,426,174.34442278276117
95,400,126.76688067440537
96,400,133.2856011419774
97,400,138.61966219826354
98,400,130.5504963546375
99,400,121.23494974525651
100,429,190.22797094195917
101,400,115.82157489049051
102,400,133.1178598277229
103,400,138.6063457306244
104,400,130.70822115332686
105,400,121.29989341265669
106,426,174.3796673763539
107,400,126.7673793083981
108,400,133.1178598277229
109,400,151.2946080734365
110,400,119.65420226800312
111,400,115.97700814135771
112,426,174.2829152888036
113,400,115.89229096334326
114,400,133.24436992415414
115,400,138.6063457306244
116,400,119.76502394634541
117,400,116.03952475409598
118,426,190.27196745566033
119,400,126.76688067440537
120,400,139.1679485543197
121,400,138.67882277434384
122,400,130.5830235429676
123,400,121.23494974525651
124,429,190.22797094195917
125,400,126.67941370989799
126,400,133.1178598277229
127,400,138.5538846000997
128,400,130.68213648267658
129,400,121.29989341265669
130,426,174.3796673763539
131,400,126.76688067440536
132,400,133.2443699241541
133,400,151.40487139184683
134,400,119.77078197722044
135,400,121.35216423700228
136,426,174.3796673763539
137,400,126.7673793083981
138,400,133.2443699241541
139,400,138.67882277434384
140,400,130.5830235429676
141,400,121.28101058297847
142,429,190.22797094195917
143,400,115.82157489049051
144,400,133.16530886346493
145,400,138.61966219826354
146,400,130.5504963546375
147,400,121.23494974525653
148,426,174.25682341979243
149,400,126.67941370989797
150,400,121.22852240572708
151,400,126.67941370989797
152,400,115.81004382690709
153,400,115.89229096334326
154,400,116.03952475409598
155,400,116.03952475409598
156,400,121.35216423700228
157,400,116.03952475409598
158,400,119.76502394634541
159,400,119.76502394634541
160,400,130.68213648267658
161,400,130.5504963546375
162,400,130.5830235429676
163,400,127.33826705439357
164,400,139.04561913702437
165,400,133.16530886346493
166,400,139.04561913702437
167,400,139.04561913702437
168,400,133.16530886346493
169,400,127.33826705439357
170,400,151.33859016455278
171,400,144.99686477666165
172,400,138.61966219826354
173,400,151.40487139184683
174,400,145.06123052367587
175,400,151.40487139184683
176,400,138.67882277434384
177,400,145.00553392101745
178,400,138.67882277434384
179,400,151.35726463029903
180,426,182.32101098235663
181,426,174.34442278276117
182,426,190.27196745566033
183,426,182.32101098235663
184,426,190.27196745566033
185,426,174.3796673763539
186,426,182.3094869251819
187,426,174.3796673763539
188,429,190.23125384231372
189,426,182.2156558287111
190,426,174.2829152888036
191,429,190.23125384231372
192,426,182.2156558287111
193,429,190.22797094195917
194,426,174.25682341979243
195,426,174.2829152888036
196,426,174.2829152888036
197,426,174.2829152888036
198,426,182.2156558287111
199,426,174.25682341979243
200,435,226.8204297083018
201,432,245.85974832324004
202,400,217.4255691688869
203,534,213.09473904002542
204,562,315.428459750843
205,400,205.84465855143617
206,400,231.6165378177343
207,460,249.67229861955883
208,400,217.4255691688869
209,476,211.8912427761101
210,400,303.70135939687725
211,445,206.78378380206445
212,400,231.68066570515302
213,542,251.9609780651765
214,553,215.63902594639222
215,533,213.0955963849278
216,404,304.33761178309345
217,472,211.9725097843037
218,450,227.30592195087752
219,542,251.96097806517648
220,512,214.8227754607731
221,489,212.17193050909793
222,400,303.70135939687725
223,443,206.75668843854552
224,400,231.64879379503233
225,427,248.85237825940982
226,400,217.5085139951685
227,429,205.68984714095006
228,400,303.70135939687725
229,416,206.2395057200062
230,400,231.64879379503233
231,427,248.85237825940982
232,524,214.99393948793846
233,459,211.5219927506217
234,404,304.33761178309345
235,457,211.6373686456429
236,527,229.44574826901007
237,432,245.9431571351721
238,553,215.63902594639222
239,452,206.24109743239504
240,400,303.70135939687725
241,429,206.4350678046012
242,435,226.89904904344826
243,431,245.8641852163978
244,400,217.5085139951685
245,459,211.5219927506217
246,472,317.8227960113677
247,427,206.40797244108228
248,400,231.64879379503233
249,542,251.96097806517648
250,400,217.5085139951685
251,533,213.0955963849278
252,400,303.70135939687725
253,416,206.2395057200062
254,400,231.64879379503233
255,427,248.85237825940982
256,528,215.05268920007208
257,533,213.0955963849278
258,400,303.70135939687725
259,457,211.6373686456429
260,435,226.89904904344826
261,542,251.96097806517648
262,553,215.63902594639222
263,533,213.0955963849278
264,404,304.33761178309345
265,429,206.4350678046012
266,413,232.03488105434957
267,400,248.40584373833983
268,472,219.12473726414018
269,429,205.68984714095006
270,400,303.70135939687725
271,445,206.78378380206445
272,400,231.64879379503233
273,542,251.96097806517648
274,528,215.05268920007208
275,533,213.0955963849278
276,404,304.33761178309345
277,457,211.6373686456429
278,435,226.89904904344826
279,432,245.9431571351721
280,562,215.81150443912148
281,429,205.68984714095006
282,400,303.70135939687725
283,427,206.40797244108228
284,458,227.52608250709073
285,432,245.88160572503804
286,472,219.12473726414018
287,459,211.5219927506217
288,472,317.8227960113677
289,416,206.2395057200062
290,400,231.64879379503233
291,542,251.96097806517648
292,400,217.5085139951685
293,533,213.0955963849278
294,404,304.33761178309345
295,427,206.40797244108225
296,400,231.64879379503233
297,427,248.85237825940982
298,516,214.8795847685727
299,489,212.17193050909793
300,400,303.70135939687725
301,457,211.6373686456429
302,527,229.44574826901004
303,542,251.96097806517648
304,562,215.81150443912148
305,533,213.0955963849278
306,400,303.70135939687725
307,416,206.2395057200062
308,400,231.64879379503233
309,427,248.85237825940982
310,400,217.5085139951685
311,452,206.24109743239504
312,400,303.70135939687725
313,416,206.2395057200062
314,400,231.64879379503233
315,542,251.9609780651765
316,524,214.99587989227248
317,459,211.5219927506217
318,400,303.7065306967501
319,472,211.9725097843037
320,450,227.30592195087752
321,457,246.59282996460917
322,553,215.54073400572673
323,526,207.8294855356868
324,497,306.02222105969946
325,415,206.15775261107055
326,435,226.8204297083018
327,432,245.85974832324004
328,444,218.42932344160738
329,521,212.77652144062662
330,562,315.428459750843
331,400,205.84465855143617
332,400,231.6165378177343
333,542,251.96284007043232
334,400,217.4255691688869
335,522,212.78956203532107
336,558,307.72342266400517
337,400,205.84465855143617
338,400,231.57295527242064
339,460,249.67229861955883
340,553,215.54073400572673
341,521,212.77652144062662
342,558,307.72342266400517
343,457,211.5964757312991
344,450,227.30592195087752
345,427,248.85237825940982
346,553,215.63902594639222
347,524,212.98455415465347
348,400,303.7065306967501
349,427,206.40797244108228
350,457,211.6373686456429
351,473,209.72177937535372
352,457,211.6373686456429
353,416,206.2395057200062
354,410,207.99040204109798
355,452,206.241097432395
356,459,211.5219927506217
357,529,210.61509428550508
358,562,215.81150443912148
359,472,219.12473726414018
360,437,215.8870510704715
361,472,219.12473726414018
362,483,214.16984102606008
363,527,229.34198378363186
364,435,226.8204297083018
365,527,229.34198378363186
366,426,229.3892906346403
367,435,226.8204297083018
368,435,226.8204297083018
369,435,226.8204297083018
370,450,252.52240485192087
371,510,254.2049430080781
372,510,254.2049430080781
373,432,245.85974832324004
374,510,254.2049430080781
375,542,251.96284007043232
376,450,252.52240485192087
377,510,254.2049430080781
378,542,251.96284007043232
379,457,246.5928299646091
380,562,315.428459750843
381,558,307.72342266400517
382,558,304.73881008096777
383,562,315.428459750843
384,558,307.70617656018095
385,562,315.428459750843
386,430,301.17041263196626
387,528,307.1874680622753
388,430,301.17041263196626
389,562,315.428459750843
390,558,307.72342266400517
391,558,304.73881008096777
392,562,315.4341854383288
393,558,307.72342266400517
394,472,317.8227960113677
395,430,301.2481074769943
396,400,303.7065306967501
397,430,301.2481074769943
398,472,317.8236784171742
399,400,303.70135939687725
400,527,229.44574826901004
401,400,251.21009058562066
402,509,217.50773937300005
403,459,211.5219927506217
404,430,301.1979353983382
405,427,206.40797244108228
406,435,226.89904904344826
407,432,245.94315713517213
408,437,215.8870510704715
409,452,206.241097432395
410,430,301.2481074769943
411,416,206.2395057200062
412,400,231.64879379503233
413,400,251.21009058562066
414,400,217.5085139951685
415,429,205.68984714095006
416,472,317.8227960113677
417,454,209.25275463452581
418,400,231.6165378177343
419,510,254.2049430080781
420,500,217.21743678109308
421,526,207.8294855356868
422,562,315.428459750843
423,439,208.9115748389487
424,527,229.34198378363186
425,510,254.2049430080781
426,405,215.09196492194937
427,521,212.77652144062662
428,430,301.2481074769943
429,459,209.40867881977283
430,527,229.44574826901007
431,510,254.21061832599918
432,437,215.8870510704715
433,452,206.24109743239504
434,472,317.8227960113677
435,473,209.72177937535372
436,400,231.64879379503233
437,432,245.88160572503804
438,400,214.98208960370633
439,526,207.8294855356868
440,562,315.428459750843
441,439,208.9115748389487
442,527,229.34198378363186
443,450,252.52240485192087
444,400,214.98208960370633
445,521,212.77652144062662
446,430,301.17041263196626
447,415,206.15775261107055
448,527,229.34198378363186
449,457,246.5928299646091
450,500,217.21743678109308
451,526,207.8294855356868
452,558,304.73881008096777
453,416,206.17111441113633
454,400,231.57295527242064
455,510,254.2049430080781
456,400,217.4255691688869
457,487,206.9263137495465
458,562,315.428459750843
459,454,209.25275463452581
460,400,231.64879379503233
461,400,251.2100905856206
462,437,215.8870510704715
463,429,205.68984714095006
464,472,317.8236784171742
465,459,209.40867881977283
466,435,226.89904904344826
467,400,251.2100905856206
468,437,215.8870510704715
469,506,212.54118053458635
470,430,301.2481074769943
471,439,208.9115748389487
472,527,229.34198378363186
473,510,254.2049430080781
474,500,217.21743678109308
475,526,207.8294855356868
476,562,315.428459750843
477,454,209.25275463452581
478,400,231.57295527242064
479,432,245.85974832324004
480,400,214.98208960370633
481,487,206.9263137495465
482,566,316.0537668917437
483,454,209.25275463452581
484,435,226.89904904344826
485,510,254.21061832599918
486,437,215.8870510704715
487,524,212.9845541546535
488,430,301.1979353983382
489,416,206.23950572000624
490,435,226.89904904344826
491,432,245.88160572503804
492,437,215.8870510704715
493,526,207.8294855356868
494,430,301.17041263196626
495,400,205.84465855143617
496,400,231.57295527242064
497,510,254.2049430080781
498,444,218.42932344160738
499,526,207.8294855356868
500,566,316.0537668917437
501,454,209.25275463452581
502,400,231.6165378177343
503,400,251.2100905856206
504,509,217.50773937300002
505,429,205.68984714095006
506,472,317.8236784171742
507,475,209.76546754400744
508,483,228.18786616965866
509,510,254.21061832599918
510,437,215.8870510704715
511,524,212.9845541546535
512,430,301.2481074769943
513,459,209.40867881977283
514,435,226.8204297083018
515,510,254.2049430080781
516,500,217.21743678109308
517,487,206.9263137495465
518,562,315.428459750843
519,449,209.1830518802019
520,400,231.6165378177343
521,432,245.85974832323998
522,500,217.21743678109308
523,487,206.9263137495465
524,600,321.3139236269143
525,439,208.91157483894867
526,491,228.40802672587185
527,510,254.21061832599918
528,437,215.8870510704715
529,533,213.0955963849278
530,430,301.2481074769943
531,429,206.4350678046012
532,435,226.89904904344826
533,432,245.88160572503804
534,437,215.8870510704715
535,429,205.68984714095006
536,430,301.17041263196626
537,400,205.84465855143617
538,400,231.6165378177343
539,510,254.2049430080781
540,444,218.42932344160738
541,526,207.8294855356868
542,562,315.428459750843
543,439,208.91157483894867
544,400,231.57295527242064
545,450,252.5224048519209
546,400,214.98208960370633
547,526,207.8294855356868
548,562,315.428459750843
549,439,208.91157483894867
550,400,205.84465855143617
551,457,211.573880172125
552,439,208.91157483894867
553,457,211.59647573129914
554,526,207.8294855356868
555,516,210.2704779431499
556,526,207.8294855356868
557,534,213.09473904002542
558,500,217.21743678109308
559,483,214.16984102606008
560,444,218.42932344160738
561,500,217.21743678109308
562,400,217.42556916888694
563,527,229.3419837836319
564,432,229.54161921403798
565,527,229.3419837836319
566,400,231.6165378177343
567,426,229.3892906346403
568,527,229.3419837836319
569,400,231.57295527242064
570,542,251.96284007043232
571,450,252.52240485192087
572,432,245.94315713517213
573,432,245.94315713517213
574,432,245.94315713517213
575,431,245.8641852163978
576,427,248.85237825940982
577,432,245.88160572503804
578,432,245.9431571351721
579,432,245.88160572503804
580,472,317.8227960113677
581,472,317.8236784171742
582,472,317.8236784171742
583,558,304.73881008096777
584,575,317.447629979558
585,528,307.18746806227534
586,575,317.447629979558
587,562,315.428459750843
588,558,307.72342266400517
589,558,304.73881008096777
590,562,315.428459750843
591,558,307.72342266400517
592,430,301.17041263196626
593,575,317.447629979558
594,558,307.70617656018095
595,562,315.428459750843
596,558,304.73881008096777
597,558,307.70617656018095
598,558,304.73881008096777
599,562,315.428459750843
600,426,229.3892906346403
601,432,245.85974832324004
602,400,217.42556916888694
603,553,210.9793606290836
604,566,316.0537668917437
605,400,205.84465855143617
606,432,229.541619214038
607,457,246.5928299646091
608,400,217.4255691688869
609,535,210.53976540752342
610,558,304.73881008096777
611,457,211.573880172125
612,432,229.541619214038
613,510,254.2049430080781
614,524,214.9939394879385
615,452,206.24109743239504
616,430,301.1979353983382
617,416,206.23950572000624
618,432,229.577686066234
619,432,245.88160572503804
620,553,215.6390259463922
621,429,205.68984714095006
622,472,317.8236784171742
623,474,212.0159132072881
624,400,231.68066570515302
625,432,245.88160572503804
626,400,217.5085139951685
627,529,210.61509428550508
628,472,317.8227960113677
629,457,211.6373686456429
630,426,229.3892906346403
631,457,246.5928299646091
632,400,217.4255691688869
633,553,210.9793606290836
634,430,301.17041263196626
635,457,211.5964757312991
636,432,229.541619214038
637,450,252.52240485192087
638,528,215.05268920007208
639,410,207.99040204109798
640,430,301.1979353983382
641,472,211.9725097843037
642,432,229.577686066234
643,432,245.94315713517213
644,400,217.5085139951685
645,533,210.70217139115454
646,472,317.8227960113677
647,400,205.84465855143617
648,426,229.3892906346403
649,432,245.85974832323998
650,400,217.4255691688869
651,516,210.2704779431499
652,558,304.73881008096777
653,457,211.59647573129914
654,432,229.541619214038
655,510,254.2049430080781
656,553,215.54073400572673
657,526,207.8294855356868
658,430,301.17041263196626
659,400,205.84465855143617
660,432,229.541619214038
661,457,246.5928299646091
662,483,214.16984102606008
663,487,206.9263137495465
664,575,317.447629979558
665,457,211.6373686456429
666,400,231.68066570515302
667,432,245.94315713517213
668,400,217.5085139951685
669,512,210.24629906356893
670,472,317.8227960113677
671,472,211.9725097843037
672,432,229.577686066234
673,432,245.88160572503804
674,400,217.5085139951685
675,553,210.9793606290836
676,430,301.17041263196626
677,457,211.573880172125
678,432,229.541619214038
679,450,252.5224048519209
680,483,214.16984102606008
681,535,210.53976540752342
682,430,301.17041263196626
683,457,211.59647573129914
684,432,229.541619214038
685,457,246.59282996460917
686,472,219.12473726414018
687,512,210.24629906356893
688,472,317.8227960113677
689,445,206.78378380206442
690,432,229.577686066234
691,432,245.94315713517213
692,400,217.5085139951685
693,410,207.990402041098
694,430,301.1979353983382
695,472,211.9725097843037
696,400,228.97953294151043
697,400,251.17386369223854
698,483,214.16984102606008
699,487,206.9263137495465
700,430,301.17041263196626
701,400,205.84465855143617
702,426,229.3892906346403
703,432,245.85974832324004
704,483,214.16984102606008
705,487,206.9263137495465
706,562,315.4341854383288
707,457,211.573880172125
708,400,231.6165378177343
709,432,245.94315713517213
710,472,219.12473726414018
711,533,210.70217139115454
712,472,317.8236784171742
713,472,211.9725097843037
714,432,229.577686066234
715,431,245.8641852163978
716,400,217.5085139951685
717,410,207.99040204109798
718,430,301.2481074769943
719,474,212.0159132072881
720,426,229.3892906346403
721,510,254.2049430080781
722,483,214.16984102606008
723,553,210.9793606290836
724,430,301.17041263196626
725,457,211.573880172125
726,426,229.3892906346403
727,432,245.85974832324004
728,400,217.42556916888694
729,553,210.9793606290836
730,562,315.428459750843
731,400,205.84465855143617
732,400,228.97953294151043
733,457,246.5928299646091
734,472,219.12473726414018
735,533,210.70217139115454
736,430,301.2481074769943
737,474,212.0159132072881
738,450,230.07393837729634
739,400,251.21009058562066
740,553,215.6390259463922
741,429,205.68984714095006
742,430,301.1979353983382
743,445,206.78378380206442
744,432,229.577686066234
745,432,245.94315713517213
746,528,215.05268920007208
747,452,206.241097432395
748,472,317.8227960113677
749,457,211.6373686456429
750,457,211.6373686456429
751,416,206.2395057200062
752,474,212.0159132072881
753,473,209.72177937535372
754,459,211.5219927506217
755,476,211.8912427761101
756,410,207.99040204109798
757,429,205.68984714095006
758,472,219.12473726414018
759,509,217.50773937300002
760,528,215.05268920007208
761,400,217.5085139951685
762,437,215.8870510704715
763,400,231.64879379503233
764,443,227.11920959966145
765,432,229.577686066234
766,443,227.11920959966145
767,413,232.03488105434957
768,432,229.577686066234
769,527,229.44574826901004
770,510,254.21061832599918
771,427,248.85237825940982
772,400,251.21009058562066
773,432,245.94315713517213
774,427,248.85237825940982
775,432,245.94315713517213
776,400,251.2100905856206
777,542,251.9609780651765
778,432,245.88160572503804
779,510,254.21061832599918
780,558,307.72342266400517
781,562,315.428459750843
782,558,304.73881008096777
783,507,303.33980085187625
784,430,301.17041263196626
785,558,304.73881008096777
786,558,307.72342266400517
787,558,304.73881008096777
788,558,304.73881008096777
789,430,301.17041263196626
790,575,317.447629979558
791,562,315.428459750843
792,472,317.8227960113677
793,430,301.2481074769943
794,472,317.8236784171742
795,400,303.7065306967501
796,472,317.8236784171742
797,472,317.8236784171742
798,400,303.7065306967501
799,430,301.1979353983382
800,400,231.68066570515302
801,427,248.85237825940982
802,553,215.6390259463922
803,534,213.09473904002542
804,558,307.70617656018095
805,457,211.573880172125
806,435,226.8204297083018
807,460,249.67229861955883
808,483,214.1698410260601
809,534,213.09473904002542
810,558,307.72342266400517
811,416,206.17111441113633
812,400,231.6165378177343
813,460,249.67229861955883
814,400,217.4255691688869
815,429,205.68984714095006
816,400,303.7065306967501
817,445,206.78378380206442
818,400,231.68066570515302
819,542,251.9609780651765
820,528,215.05268920007208
821,459,211.5219927506217
822,400,303.7065306967501
823,474,212.0159132072881
824,483,228.18786616965866
825,432,245.94315713517213
826,553,215.6390259463922
827,452,206.241097432395
828,400,303.70135939687725
829,422,206.3200938213548
830,527,229.44574826901004
831,432,245.88160572503807
832,400,217.5085139951685
833,459,211.5219927506217
834,472,317.8227960113677
835,443,206.7566884385455
836,400,231.64879379503233
837,427,248.85237825940982
838,400,217.5085139951685
839,524,212.9845541546535
840,400,303.7065306967501
841,416,206.23950572000624
842,413,232.03488105434957
843,542,251.9609780651765
844,483,214.1698410260601
845,521,212.77652144062662
846,558,307.72342266400517
847,457,211.573880172125
848,527,229.3419837836319
849,542,251.9628400704323
850,483,214.1698410260601
851,534,213.09473904002542
852,542,307.26021288521804
853,400,205.84465855143617
854,400,231.57295527242064
855,460,249.6722986195588
856,444,218.42932344160738
857,429,205.68984714095006
858,400,303.70135939687725
859,445,206.78378380206442
860,400,231.68066570515302
861,427,248.85237825940982
862,528,215.05268920007208
863,524,212.9845541546535
864,400,303.7065306967501
865,457,211.6373686456429
866,435,226.89904904344826
867,432,245.94315713517213
868,528,215.05268920007208
869,452,206.241097432395
870,400,303.70135939687725
871,445,206.78378380206442
872,527,229.44574826901004
873,432,245.88160572503804
874,486,219.4321705603282
875,459,211.5219927506217
876,472,317.8236784171742
877,445,206.78378380206442
878,400,231.64879379503233
879,542,251.9609780651765
880,400,217.5085139951685
881,534,213.09473904002542
882,400,303.7065306967501
883,400,205.84465855143617
884,400,231.64879379503233
885,460,249.6722986195588
886,483,214.1698410260601
887,459,211.5219927506217
888,400,303.7065306967501
889,457,211.64888453056275
890,527,229.3419837836319
891,542,251.9628400704323
892,553,215.54073400572673
893,534,213.09473904002542
894,558,307.70617656018095
895,400,205.84465855143617
896,413,232.03488105434957
897,542,251.9609780651765
898,400,217.5085139951685
899,429,205.68984714095006
900,400,303.70653069675006
901,422,206.3200938213548
902,400,231.68066570515302
903,542,251.9609780651765
904,528,215.05268920007208
905,524,212.9845541546535
906,400,303.70653069675006
907,457,211.64888453056275
908,483,228.18786616965866
909,432,245.88160572503804
910,528,215.05268920007208
911,452,206.241097432395
912,400,303.70135939687725
913,422,206.3200938213548
914,527,229.44574826901004
915,431,245.8641852163978
916,400,217.5085139951685
917,459,211.5219927506217
918,472,317.8236784171742
919,443,206.7566884385455
920,413,232.0348810543496
921,542,251.9609780651765
922,472,219.12473726414018
923,534,213.09473904002542
924,558,307.72342266400517
925,415,206.15775261107058
926,400,231.57295527242064
927,542,251.9628400704323
928,483,214.1698410260601
929,521,212.77652144062662
930,528,307.1874680622753
931,457,211.59647573129914
932,435,226.8204297083018
933,460,249.67229861955883
934,483,214.1698410260601
935,459,211.5219927506217
936,400,303.70135939687725
937,416,206.23950572000624
938,400,231.64879379503233
939,400,248.40584373833983
940,424,218.03788682052746
941,429,205.68984714095006
942,400,303.7065306967501
943,400,205.84465855143617
944,400,231.6165378177343
945,542,251.9628400704323
946,553,215.54073400572673
947,534,213.09473904002542
948,558,307.70617656018095
949,457,211.59647573129914
950,416,206.23950572000624
951,427,206.40797244108228
952,427,206.428400717798
953,443,206.7566884385455
954,533,210.7021713911545
955,429,205.68984714095006
956,452,206.241097432395
957,452,206.241097432395
958,400,217.4255691688869
959,400,217.4255691688869
960,444,218.42932344160738
961,483,214.1698410260601
962,400,217.4255691688869
963,432,229.54161921403798
964,400,231.57295527242064
965,400,231.57295527242064
966,432,229.54161921403798
967,435,226.8204297083018
968,400,231.57295527242064
969,426,229.3892906346403
970,432,245.881605725038
971,510,254.21061832599918
972,542,251.9609780651765
973,400,251.2100905856206
974,431,245.8641852163978
975,427,248.85237825940982
976,432,245.881605725038
977,400,251.17386369223854
978,460,249.67229861955883
979,432,245.85974832324
980,575,317.447629979558
981,558,307.72342266400517
982,566,316.0537668917437
983,430,301.2481074769943
984,400,303.70653069675006
985,430,301.2481074769943
986,472,317.8227960113677
987,400,303.70653069675006
988,430,301.17041263196626
989,562,315.428459750843
990,528,307.1874680622753
991,562,315.428459750843
992,558,304.73881008096777
993,430,301.1979353983382
994,430,301.1979353983382
995,430,301.1979353983382
996,400,303.70653069675006
997,430,301.2481074769943
998,430,301.2481074769943
999,430,301.2481074769943
1000,400,231.64879379503233
1001,510,254.21061832599915
1002,400,217.4255691688869
1003,454,206.2133760648979
1004,575,317.447629979558
1005,449,209.1830518802019
1006,400,231.57295527242064
1007,400,251.17386369223854
1008,509,217.50773937300005
1009,452,206.241097432395
1010,472,317.8236784171742
1011,459,209.40867881977283
1012,527,229.44574826901004
1013,510,254.21061832599915
1014,509,217.50773937300005
1015,533,213.0955963849278
1016,430,301.2481074769943
1017,473,209.72177937535372
1018,483,228.18786616965866
1019,510,254.21061832599915
1020,500,217.21743678109308
1021,526,207.8294855356868
1022,566,316.0537668917437
1023,439,208.9115748389487
1024,400,231.57295527242064
1025,432,245.85974832324
1026,400,214.9820896037063
1027,454,206.2133760648979
1028,575,317.447629979558
1029,439,208.9115748389487
1030,527,229.3419837836319
1031,510,254.20494300807812
1032,500,217.21743678109308
1033,459,211.5219927506217
1034,430,301.2481074769943
1035,445,206.78378380206442
1036,527,229.44574826901004
1037,432,245.881605725038
1038,509,217.50773937300005
1039,452,206.241097432395
1040,430,301.1979353983382
1041,400,205.84465855143617
1042,400,231.57295527242064
1043,450,252.52240485192087
1044,400,217.42556916888694
1045,526,207.8294855356868
1046,600,321.31392362691435
1047,449,209.1830518802019
1048,400,231.6165378177343
1049,400,251.17386369223854
1050,400,229.413472040078
1051,400,222.89250721888203
1052,652,337.6453200821854
1053,462,222.84987324495623
1054,449,245.13967469708587
1055,485,264.61762764558057
1056,420,229.69213311441365
1057,442,221.98253202282396
1058,562,337.71764704327506
1059,462,222.84987324495623
1060,449,245.16843908661127
1061,485,264.61762764558057
1062,484,231.144900202364
1063,400,222.8945279131377
1064,562,335.1402057260091
1065,440,222.35988308546567
1066,449,243.47578799861475
1067,485,266.4863835046017
1068,400,229.413472040078
1069,400,222.89250721888203
1070,652,337.6453200821854
1071,440,222.3836259079542
1072,449,245.1865441052036
1073,485,264.65347220380477
1074,400,229.413472040078
1075,529,223.90581182959272
1076,562,337.7445225346044
1077,440,223.09584215620256
1078,449,245.17065955590576
1079,485,266.5315959551187
1080,400,229.413472040078
1081,400,222.89250721888203
1082,562,337.7445225346044
1083,440,223.09584215620256
1084,449,243.49645991793415
1085,485,264.6248513997737
1086,442,229.2016782926941
1087,457,224.1634652549444
1088,562,335.17097749642124
1089,440,222.35988308546567
1090,449,243.46624980066102
1091,485,264.6323465923464
1092,465,230.8780467296482
1093,400,222.86025926074262
1094,562,335.1402057260091
1095,452,222.63091238944642
1096,449,245.13967469708587
1097,485,264.6323465923464
1098,420,229.69213311441365
1099,472,222.63921156696975
1100,562,337.71764704327506
1101,440,222.35988308546567
1102,449,245.16843908661127
1103,485,264.61762764558057
1104,420,229.69213311441365
1105,400,222.89452791313772
1106,562,335.1402057260091
1107,462,222.84987324495623
1108,449,243.47578799861475
1109,485,266.4863835046017
1110,484,231.144900202364
1111,400,222.86025926074262
1112,562,335.1402057260091
1113,462,222.84987324495623
1114,449,245.16843908661127
1115,485,264.61762764558057
1116,419,229.67855067925873
1117,472,222.6392115669698
1118,562,337.71764704327506
1119,440,223.0853084225933
1120,449,245.16843908661127
1121,485,266.4863835046017
1122,420,229.69213311441365
1123,400,222.86025926074262
1124,562,337.71764704327506
1125,462,223.54571074003576
1126,449,243.47578799861475
1127,485,264.61762764558057
1128,442,229.21355017134186
1129,400,222.89452791313772
1130,562,335.1402057260091
1131,440,222.35988308546567
1132,449,243.47578799861475
1133,485,264.61762764558057
1134,420,229.69213311441365
1135,400,222.86025926074265
1136,604,335.7793185422521
1137,440,222.35988308546567
1138,449,245.13967469708587
1139,485,264.61762764558057
1140,426,229.7769635201934
1141,472,222.6392115669698
1142,562,337.71764704327506
1143,462,222.84987324495623
1144,449,245.16843908661127
1145,485,264.6323465923464
1146,426,229.7769635201934
1147,400,222.89452791313772
1148,562,335.1402057260091
1149,440,222.35988308546567
1150,440,221.58438229436038
1151,462,223.54571074003576
1152,440,222.35988308546567
1153,462,223.54571074003576
1154,442,221.98253202282396
1155,437,222.66376695915076
1156,400,222.86025926074262
1157,472,222.6392115669698
1158,465,230.8780467296482
1159,442,229.20214403179065
1160,465,231.65212587918492
1161,487,232.14883490220367
1162,441,231.12280981162826
1163,449,245.16843908661127
1164,449,244.35287187968478
1165,449,245.13967469708587
1166,449,245.13967469708587
1167,449,245.13967469708587
1168,449,243.46624980066102
1169,449,243.47578799861475
1170,485,264.61762764558057
1171,485,266.48638350460175
1172,485,264.6323465923464
1173,485,265.6029633128462
1174,485,264.61762764558057
1175,485,264.6323465923464
1176,485,265.6029633128462
1177,485,266.4863835046017
1178,485,264.61762764558057
1179,485,265.6029633128462
1180,562,337.67839781547997
1181,604,335.7793185422521
1182,562,336.4817796777028
1183,604,335.7793185422521
1184,562,337.67839781547997
1185,562,336.4817796777028
1186,562,337.71764704327506
1187,562,335.1402057260091
1188,562,336.47614709738895
1189,562,337.67839781547997
1190,604,335.7793185422521
1191,562,336.4817796777028
1192,604,335.7793185422521
1193,562,337.71764704327506
1194,562,336.47614709738895
1195,562,337.71764704327506
1196,604,335.79273175031744
1197,562,336.47614709738895
1198,562,337.71764704327506
1199,562,335.1402057260091
1200,449,244.35287187968478
1201,485,264.6248513997737
1202,487,232.15169741344425
1203,457,224.1634652549444
1204,562,337.7445225346044
1205,440,223.09584215620256
1206,449,244.37851651958945
1207,443,266.00716355065816
1208,400,230.20934472131745
1209,400,222.89250721888203
1210,562,335.17097749642124
1211,440,221.59726668257045
1212,449,243.49645991793415
1213,443,265.994467596165
1214,442,229.225079755289
1215,431,222.60683390586917
1216,652,337.6453200821854
1217,440,221.5706532901986
1218,449,244.3618728361429
1219,485,266.5315959551187
1220,442,229.2016782926941
1221,524,224.58410801910708
1222,562,337.7445225346044
1223,440,221.5706532901986
1224,449,244.35667464983922
1225,485,264.6323465923464
1226,487,232.14883490220367
1227,437,222.66376695915076
1228,562,337.67839781547997
1229,440,221.58438229436038
1230,449,244.35667464983922
1231,485,266.48638350460175
1232,442,229.20214403179062
1233,437,222.67310449462119
1234,604,335.7793185422521
1235,440,223.08530842259327
1236,449,244.35287187968478
1237,485,266.51330410443046
1238,442,229.20214403179062
1239,437,222.66376695915076
1240,562,337.71764704327506
1241,440,221.58438229436038
1242,449,244.3618728361429
1243,485,264.65347220380477
1244,487,232.15169741344425
1245,457,224.1634652549444
1246,562,337.72299407776626
1247,440,223.09584215620256
1248,449,244.37851651958945
1249,485,266.5315959551187
1250,487,232.15169741344425
1251,457,224.1634652549444
1252,652,337.6453200821854
1253,440,221.59726668257045
1254,449,243.47412653115066
1255,485,266.5315959551187
1256,442,229.225079755289
1257,524,224.58410801910705
1258,652,337.6453200821854
1259,440,221.57065329019858
1260,449,244.3618728361429
1261,443,265.99446759616495
1262,442,229.2016782926941
1263,431,222.60683390586917
1264,562,337.7445225346044
1265,440,221.57065329019858
1266,449,244.37851651958945
1267,485,264.6248513997737
1268,487,232.15169741344425
1269,431,222.60683390586917
1270,562,337.7445225346044
1271,440,221.59726668257045
1272,449,244.37851651958945
1273,443,265.99446759616495
1274,442,229.21355017134186
1275,437,222.67310449462119
1276,562,335.1402057260091
1277,440,223.08530842259327
1278,449,244.35287187968478
1279,485,266.4863835046017
1280,442,229.20214403179065
1281,437,222.67310449462119
1282,562,337.71764704327506
1283,440,221.58438229436038
1284,449,244.35667464983922
1285,485,264.6323465923464
1286,465,231.65212587918492
1287,400,222.86025926074265
1288,562,337.71764704327506
1289,462,223.54571074003576
1290,449,244.35667464983922
1291,485,266.51330410443046
1292,459,231.51633097952939
1293,400,222.86025926074265
1294,604,335.7793185422521
1295,440,221.58438229436038
1296,449,243.46624980066102
1297,485,266.5315959551187
1298,442,229.225079755289
1299,524,224.58410801910705
1300,562,335.1709774964212
1301,440,221.5706532901986
1302,449,244.37851651958945
1303,443,265.99446759616495
1304,442,229.2016782926941
1305,431,222.60683390586917
1306,562,337.7445225346044
1307,440,221.59726668257045
1308,449,244.35287187968478
1309,485,264.6323465923464
1310,435,230.98701491197272
1311,437,222.67310449462119
1312,562,337.71764704327506
1313,440,221.56940461555516
1314,449,244.35667464983922
1315,485,266.51330410443046
1316,442,229.20214403179065
1317,437,222.66376695915076
1318,652,337.6453200821854
1319,440,223.09584215620256
1320,449,244.37851651958945
1321,485,266.5315959551187
1322,442,229.2016782926941
1323,518,224.50279326107082
1324,562,337.72299407776626
1325,440,221.5706532901986
1326,449,244.36187283614294
1327,485,264.65347220380477
1328,487,232.15169741344425
1329,400,222.89250721888203
1330,562,337.72299407776626
1331,440,223.08775223903214
1332,449,244.37851651958945
1333,443,265.99446759616495
1334,400,230.20934472131745
1335,457,224.1634652549444
1336,652,337.6453200821854
1337,440,221.5706532901986
1338,449,243.47412653115066
1339,485,266.5315959551187
1340,442,229.20214403179065
1341,437,222.67310449462119
1342,562,335.1402057260091
1343,440,221.58438229436038
1344,449,244.35667464983922
1345,485,266.4863835046017
1346,442,229.20214403179065
1347,437,222.66376695915076
1348,562,337.67839781547997
1349,440,221.58438229436038
1350,440,222.35988308546567
1351,440,221.5706532901986
1352,440,223.09584215620256
1353,440,222.36213276478668
1354,457,224.16346525494444
1355,529,223.9058118295927
1356,518,224.5027932610708
1357,400,222.89250721888203
1358,442,229.2016782926941
1359,400,229.431621886401
1360,442,229.2016782926941
1361,487,232.15169741344425
1362,400,229.431621886401
1363,449,245.1865441052036
1364,449,243.47578799861475
1365,449,244.35287187968478
1366,449,245.13967469708587
1367,449,243.46624980066102
1368,449,244.35667464983922
1369,449,243.46624980066102
1370,485,266.51330410443046
1371,485,266.4863835046017
1372,485,266.51330410443046
1373,485,266.5315959551187
1374,485,265.6338160377817
1375,485,266.5315959551187
1376,485,266.5315959551187
1377,485,266.5315959551187
1378,485,264.6248513997737
1379,485,264.65347220380477
1380,652,337.6453200821854
1381,562,337.72299407776626
1382,652,337.6453200821854
1383,562,336.47614709738895
1384,562,335.1402057260091
1385,604,335.7793185422521
1386,562,336.4817796777028
1387,562,337.67839781547997
1388,604,335.7793185422521
1389,562,336.4817796777028
1390,562,337.67839781547997
1391,562,335.1402057260091
1392,562,336.4817796777028
1393,604,335.7793185422521
1394,562,337.72299407776626
1395,562,336.4906803150063
1396,562,337.7445225346044
1397,562,335.1709774964212
1398,652,338.98800630925405
1399,562,337.7445225346044
1400,449,243.47412653115066
1401,485,265.6338160377816
1402,442,229.225079755289
1403,400,222.89250721888203
1404,565,336.5752737442112
1405,440,223.08775223903214
1406,449,243.46624980066102
1407,485,265.6114410235823
1408,487,232.14883490220367
1409,472,222.63921156696975
1410,562,336.47614709738895
1411,440,221.58438229436038
1412,449,245.16843908661127
1413,485,266.4863835046017
1414,430,230.86416242425602
1415,400,222.89452791313772
1416,562,336.5139739710744
1417,440,223.0958421562026
1418,449,245.17065955590576
1419,485,266.5315959551187
1420,442,229.225079755289
1421,529,223.90657713674352
1422,652,337.6453200821854
1423,440,223.08775223903214
1424,449,243.47412653115066
1425,485,265.6338160377816
1426,442,229.20167829269414
1427,529,223.90657713674352
1428,649,338.90341288004913
1429,440,223.0958421562026
1430,449,243.47412653115066
1431,485,265.6113855166965
1432,487,232.15169741344425
1433,529,223.9058118295927
1434,652,338.98800630925405
1435,440,221.59726668257045
1436,449,245.1865441052036
1437,485,265.6113855166965
1438,487,232.15169741344425
1439,529,223.9058118295927
1440,652,338.98800630925405
1441,440,223.0958421562026
1442,449,243.49645991793415
1443,485,265.6113855166965
1444,442,229.20167829269417
1445,400,222.89250721888203
1446,562,336.5139739710744
1447,440,223.08775223903214
1448,449,243.49645991793415
1449,485,265.6338160377816
1450,475,231.89061471527793
1451,529,223.90657713674352
1452,562,336.47614709738895
1453,440,221.56940461555516
1454,449,245.16843908661127
1455,485,266.51330410443046
1456,465,231.65212587918492
1457,400,222.89452791313772
1458,562,336.47614709738895
1459,440,223.08530842259327
1460,449,245.13967469708587
1461,485,266.4863835046017
1462,442,229.21355017134186
1463,529,223.90657713674352
1464,562,335.1709774964212
1465,440,223.08775223903214
1466,449,243.49645991793415
1467,485,265.6338160377816
1468,442,229.20167829269417
1469,529,223.9058118295927
1470,562,336.4906803150063
1471,440,223.0958421562026
1472,449,243.47412653115066
1473,485,265.6113855166965
1474,400,230.20934472131745
1475,529,223.90657713674352
1476,562,336.4906803150063
1477,440,221.59726668257045
1478,449,245.1865441052036
1479,485,265.6338160377816
1480,487,232.15169741344425
1481,529,223.9058118295927
1482,562,336.5139739710744
1483,440,223.0958421562026
1484,449,243.49645991793415
1485,485,265.6113855166965
1486,442,229.225079755289
1487,457,224.1634652549444
1488,652,338.98800630925405
1489,440,223.08775223903214
1490,449,243.47412653115066
1491,485,265.6113855166965
1492,487,232.15169741344425
1493,529,223.9058118295927
1494,562,336.47614709738895
1495,440,221.56940461555516
1496,449,245.16843908661127
1497,485,266.4863835046017
1498,465,231.65212587918492
1499,400,222.86025926074265
1500,562,336.47614709738895
1501,440,223.08530842259327
1502,449,245.13967469708587
1503,485,266.51330410443046
1504,442,229.21355017134186
1505,442,221.98253202282396
1506,604,335.7793185422521
1507,462,223.54571074003576
1508,449,243.47578799861475
1509,485,265.6114410235823
1510,442,229.225079755289
1511,529,223.9058118295927
1512,562,336.5139739710744
1513,440,223.0958421562026
1514,449,243.47412653115066
1515,485,265.6338160377816
1516,400,230.20934472131745
1517,529,223.9058118295927
1518,562,336.47614709738895
1519,440,221.58438229436038
1520,449,245.13967469708587
1521,485,265.6114410235823
1522,430,230.86416242425602
1523,442,221.98253202282396
1524,562,336.47614709738895
1525,462,223.54571074003576
1526,449,243.47578799861475
1527,485,265.6113855166965
1528,442,229.20167829269417
1529,400,222.89250721888203
1530,652,338.98800630925405
1531,440,223.08775223903214
1532,449,243.47412653115066
1533,485,265.6113855166965
1534,487,232.15169741344425
1535,529,223.9058118295927
1536,562,336.5139739710744
1537,440,221.57065329019858
1538,449,245.17065955590576
1539,443,265.99446759616495
1540,400,230.20934472131745
1541,400,222.89250721888203
1542,652,338.98800630925405
1543,440,223.08775223903214
1544,449,245.1865441052036
1545,485,266.4863835046017
1546,442,229.20214403179062
1547,472,222.63921156696975
1548,604,335.7793185422521
1549,440,223.08530842259327
1550,440,221.58438229436038
1551,440,222.35988308546567
1552,440,221.5694046155552
1553,440,221.58438229436038
1554,437,222.67310449462119
1555,444,223.87920132830286
1556,529,223.90657713674352
1557,474,223.54114594573497
1558,400,230.20934472131745
1559,442,229.20167829269414
1560,400,229.43162188640093
1561,442,229.20167829269414
1562,400,230.20934472131745
1563,449,244.37851651958945
1564,449,245.17065955590576
1565,449,243.49645991793415
1566,449,244.35667464983925
1567,449,245.13967469708584
1568,449,243.47578799861475
1569,449,244.35667464983922
1570,485,264.61762764558057
1571,485,266.51330410443046
1572,485,265.6029633128462
1573,485,266.51330410443046
1574,485,264.61762764558057
1575,485,265.6029633128462
1576,485,266.5315959551187
1577,485,264.6248513997737
1578,485,265.6338160377816
1579,485,264.65347220380477
1580,562,337.72299407776626
1581,562,337.72299407776626
1582,562,337.72299407776626
1583,562,337.72299407776626
1584,562,336.5139739710744
1585,562,337.72299407776626
1586,562,337.7445225346044
1587,562,337.7445225346044
1588,652,337.6453200821854
1589,604,335.7793185422521
1590,604,335.7793185422521
1591,562,337.71764704327506
1592,604,335.7793185422521
1593,562,336.4817796777028
1594,604,335.7793185422521
1595,562,335.1402057260092
1596,562,336.47614709738895
1597,562,337.67839781547997
1598,562,335.1402057260092
1599,562,336.47614709738895
1600,449,245.17065955590576
1601,485,264.6248513997737
1602,400,229.431621886401
1603,529,223.9058118295927
1604,562,337.72299407776626
1605,440,222.36213276478668
1606,449,245.1865441052036
1607,485,264.65347220380477
1608,400,229.41347204007795
1609,457,224.16346525494444
1610,562,335.1709774964212
1611,440,222.36213276478668
1612,449,243.47412653115066
1613,485,266.5315959551187
1614,420,229.69213311441365
1615,400,222.86025926074265
1616,604,335.7793185422521
1617,462,222.84987324495623
1618,449,245.16843908661127
1619,485,264.61762764558057
1620,465,230.8780467296482
1621,472,222.63921156696975
1622,562,337.67839781547997
1623,462,223.54571074003576
1624,449,245.16843908661127
1625,485,266.4863835046017
1626,465,230.8780467296482
1627,400,222.86025926074265
1628,562,337.67839781547997
1629,440,223.08530842259327
1630,449,243.47578799861475
1631,485,264.61762764558057
1632,442,229.20214403179062
1633,400,222.86025926074265
1634,604,335.7793185422521
1635,440,222.3598830854657
1636,449,243.46624980066102
1637,485,264.6323465923464
1638,470,230.94842318407245
1639,400,222.86025926074265
1640,604,335.7793185422521
1641,462,222.84987324495623
1642,449,245.16843908661127
1643,485,264.6323465923464
1644,465,230.8780467296482
1645,472,222.63921156696975
1646,562,337.71764704327506
1647,462,222.84987324495623
1648,449,245.16843908661127
1649,485,264.6323465923464
1650,400,193.03395144312586
1651,420,188.83458542414627
1652,400,254.3570430408974
1653,420,186.5975918693781
1654,487,204.31696005904624
1655,450,222.60940261014957
1656,458,194.3380392509558
1657,420,188.81149043877912
1658,400,254.34705942484916
1659,435,186.93471165125848
1660,422,205.7180833571061
1661,514,220.96083098603705
1662,400,193.05687695170266
1663,530,188.75193682133346
1664,559,280.50311861950746
1665,429,187.90287030369876
1666,422,205.7180833571061
1667,453,222.70089425593963
1668,400,193.07359774001762
1669,468,189.92033798169768
1670,559,280.50311861950746
1671,429,187.89831957882174
1672,458,203.79031811556294
1673,514,220.91415238154164
1674,400,191.88519163059652
1675,420,188.83458542414627
1676,400,254.34705942484916
1677,420,186.5975918693781
1678,487,204.31696005904624
1679,514,220.91415238154164
1680,400,193.03395144312586
1681,420,188.81149043877912
1682,400,254.3570430408974
1683,420,186.63938412228356
1684,422,205.70725187382837
1685,514,220.96083098603702
1686,400,193.07359774001762
1687,530,188.75193682133346
1688,559,280.5031186195075
1689,420,186.61972497684144
1690,422,205.7180833571061
1691,514,220.95722822355546
1692,400,193.05687695170266
1693,468,189.92033798169768
1694,408,255.5923771010696
1695,420,186.59759186937808
1696,487,204.31696005904624
1697,453,222.64353223377864
1698,458,194.3380392509558
1699,420,188.81149043877912
1700,400,254.34705942484916
1701,435,186.93471165125848
1702,450,206.13521320389256
1703,491,220.52370189770255
1704,400,193.03395144312586
1705,457,187.11680909148455
1706,559,280.45077933209467
1707,429,187.87267681606318
1708,418,205.61137375544888
1709,453,222.66198542006006
1710,400,193.03395144312586
1711,420,188.81149043877912
1712,455,264.79719429016234
1713,439,188.0759422315096
1714,458,203.79031811556294
1715,491,220.52370189770255
1716,400,191.88519163059658
1717,420,188.83458542414627
1718,400,254.3570430408974
1719,420,186.59759186937808
1720,487,204.31696005904624
1721,514,220.91415238154164
1722,458,194.3380392509558
1723,420,188.8345854241463
1724,408,255.59237710106956
1725,420,186.63938412228356
1726,422,205.7180833571061
1727,514,220.95722822355546
1728,400,193.07359774001762
1729,530,188.74690021652498
1730,559,280.5031186195075
1731,420,186.61972497684144
1732,422,205.7180833571061
1733,514,220.96083098603702
1734,400,193.0568769517027
1735,420,188.85593527773347
1736,408,255.5923771010696
1737,420,186.59759186937808
1738,487,204.31696005904624
1739,453,222.66198542006006
1740,458,194.3380392509558
1741,420,188.81149043877912
1742,400,254.34705942484916
1743,435,186.93471165125848
1744,450,206.13521320389256
1745,491,220.52370189770258
1746,458,194.3380392509558
1747,457,187.11680909148455
1748,559,280.4243642800246
1749,429,187.87267681606318
1750,429,187.87267681606318
1751,444,188.18542874584125
1752,420,186.59759186937808
1753,429,187.87267681606315
1754,420,188.8345854241463
1755,420,188.81149043877912
1756,439,186.87291469559273
1757,439,186.87291469559273
1758,400,191.87471829424018
1759,473,195.82288644170953
1760,400,191.87471829424018
1761,400,193.07359774001762
1762,400,191.88519163059652
1763,417,203.1089308788104
1764,417,204.34126541757794
1765,422,205.70725187382837
1766,417,203.1089308788104
1767,449,204.89471419739263
1768,418,205.6113737554489
1769,458,203.79031811556294
1770,470,221.6069314043246
1771,514,220.95722822355546
1772,459,222.79949807180165
1773,491,221.95202153620244
1774,459,222.79949807180165
1775,514,220.96083098603702
1776,491,221.9126982709287
1777,453,222.64353223377864
1778,514,220.91415238154164
1779,470,221.56095194093746
1780,400,254.34705942484916
1781,559,280.4243642800246
1782,437,261.0369212856018
1783,559,280.45077933209467
1784,400,254.34705942484916
1785,437,261.0369212856018
1786,546,278.37651289062785
1787,400,254.34705942484916
1788,437,261.0369212856018
1789,400,254.3570430408974
1790,559,280.45077933209467
1791,455,264.79719429016234
1792,546,278.37651289062785
1793,559,280.45077933209467
1794,437,261.0369212856018
1795,559,280.45077933209467
1796,559,280.42436428002463
1797,455,264.79719429016234
1798,400,254.3470594248492
1799,400,254.3570430408974
1800,487,204.31696005904624
1801,453,222.64353223377864
1802,400,191.88519163059652
1803,400,187.46719893728675
1804,413,256.39037214591497
1805,419,185.46550649988262
1806,417,204.36926077711627
1807,459,222.80622732183315
1808,400,191.89597637564017
1809,473,189.05055148442352
1810,559,280.5031186195074
1811,419,185.4422003100442
1812,417,204.36926077711627
1813,514,220.95722822355546
1814,463,195.6301799306331
1815,400,187.43073121868363
1816,559,280.42436428002463
1817,419,185.43525897054047
1818,449,204.89471419739263
1819,453,222.64353223377864
1820,400,191.88519163059652
1821,400,187.43073121868363
1822,400,254.34705942484916
1823,429,187.90287030369876
1824,417,204.36926077711627
1825,453,222.70089425593963
1826,400,191.89597637564017
1827,441,188.35001386064417
1828,559,280.5031186195074
1829,419,185.4655064998826
1830,417,204.34126541757794
1831,491,220.52370189770258
1832,400,194.18816844544193
1833,420,188.81149043877912
1834,559,280.42436428002463
1835,429,187.87267681606315
1836,449,204.89471419739263
1837,450,222.60940261014957
1838,463,195.6301799306331
1839,468,189.92033798169768
1840,413,256.39037214591497
1841,419,185.4422003100442
1842,417,203.1089308788104
1843,459,222.79949807180162
1844,400,191.89597637564017
1845,473,189.05055148442352
1846,413,256.39037214591497
1847,419,185.44220031004423
1848,417,204.36926077711624
1849,459,222.80622732183315
1850,400,191.87471829424018
1851,400,187.43073121868363
1852,559,280.45077933209467
1853,419,185.43525897054047
1854,417,204.34126541757794
1855,514,220.91415238154164
1856,473,195.82288644170953
1857,457,188.70142215837777
1858,559,280.4914308542057
1859,419,185.46550649988262
1860,417,204.36926077711624
1861,459,222.79949807180162
1862,400,191.916531199385
1863,400,187.43073121868363
1864,400,254.3570430408974
1865,429,187.87267681606315
1866,458,205.0494331726584
1867,450,222.60940261014957
1868,400,191.89597637564017
1869,400,187.46719893728675
1870,559,280.5031186195074
1871,419,185.44220031004423
1872,417,204.36926077711624
1873,491,220.52370189770258
1874,473,195.82288644170953
1875,420,188.81149043877912
1876,559,280.45077933209467
1877,439,188.0759422315096
1878,417,204.34126541757794
1879,453,222.64353223377864
1880,473,195.82288644170953
1881,420,188.83458542414627
1882,483,257.68652662401263
1883,419,185.46550649988262
1884,417,203.1089308788104
1885,459,222.79949807180162
1886,400,191.89597637564017
1887,473,189.0505514844235
1888,400,254.3570430408974
1889,419,185.42170589292184
1890,449,204.89471419739263
1891,450,222.60940261014957
1892,400,191.88519163059658
1893,400,187.43073121868363
1894,559,280.45077933209467
1895,419,185.4352589705405
1896,417,204.34126541757794
1897,491,220.52370189770258
1898,400,194.18816844544193
1899,400,187.43073121868363
1900,559,280.50311861950746
1901,419,185.44220031004423
1902,417,204.36926077711627
1903,453,222.70089425593963
1904,400,191.916531199385
1905,473,189.05055148442352
1906,483,257.68652662401263
1907,429,187.89831957882174
1908,417,204.36926077711627
1909,453,222.70089425593963
1910,400,191.916531199385
1911,473,189.05055148442352
1912,559,280.50311861950746
1913,419,185.42170589292184
1914,449,204.89471419739263
1915,514,220.91415238154164
1916,400,194.18816844544193
1917,420,188.81149043877912
1918,546,278.37651289062785
1919,439,188.0759422315096
1920,458,205.0494331726584
1921,459,222.79949807180165
1922,463,195.6301799306331
1923,420,188.85593527773347
1924,483,257.68652662401263
1925,419,185.4422003100442
1926,417,203.1089308788104
1927,453,222.70089425593963
1928,400,191.89597637564017
1929,473,189.05055148442352
1930,483,257.68652662401263
1931,419,185.4422003100442
1932,417,204.38496369448825
1933,453,222.64353223377864
1934,400,191.88519163059652
1935,400,187.43073121868363
1936,559,280.42436428002463
1937,419,185.43525897054047
1938,449,204.89471419739263
1939,491,220.52370189770258
1940,400,194.18816844544193
1941,400,187.4308661584561
1942,559,280.45077933209467
1943,419,185.42170589292184
1944,417,204.34126541757794
1945,450,222.60940261014957
1946,400,191.87471829424018
1947,400,187.43073121868363
1948,483,257.68652662401263
1949,429,187.89831957882174
1950,420,186.61972497684144
1951,429,187.89831957882174
1952,419,185.4655064998826
1953,420,186.61972497684144
1954,420,188.85593527773352
1955,530,188.746900216525
1956,400,187.46719893728675
1957,530,188.746900216525
1958,463,195.6301799306331
1959,400,194.2191510172261
1960,400,194.2191510172261
1961,463,195.6301799306331
1962,400,193.05687695170266
1963,422,205.7180833571061
1964,422,205.70725187382837
1965,422,205.7180833571061
1966,417,203.1089308788104
1967,417,203.1089308788104
1968,417,203.1089308788104
1969,450,206.13521320389256
1970,514,220.91415238154164
1971,470,221.56095194093746
1972,514,220.91415238154164
1973,514,220.91415238154164
1974,470,221.56095194093746
1975,450,222.60940261014952
1976,491,220.52370189770258
1977,470,221.56095194093746
1978,453,222.66198542006006
1979,491,220.52370189770258
1980,437,261.0424109058916
1981,400,254.3570430408974
1982,546,278.37651289062785
1983,437,261.0369212856018
1984,559,280.42436428002463
1985,400,254.34705942484916
1986,437,261.0369212856018
1987,559,280.42436428002463
1988,400,254.34705942484916
1989,437,261.0369212856018
1990,400,254.34705942484916
1991,559,280.42436428002463
1992,437,261.0424109058916
1993,559,280.4243642800246
1994,400,254.34705942484916
1995,437,261.0424109058916
1996,455,264.79719429016234
1997,400,254.3570430408974
1998,437,261.0424109058916
1999,400,254.34705942484916
2000,418,205.61137375544888
2001,453,222.64353223377864
2002,400,194.18816844544193
2003,420,188.81149043877912
2004,437,261.0369212856018
2005,429,187.87267681606318
2006,450,206.13521320389256
2007,450,222.60940261014952
2008,400,191.88519163059652
2009,457,187.11680909148455
2010,400,254.3570430408974
2011,439,188.0759422315096
2012,458,203.79031811556294
2013,470,221.56095194093746
2014,400,191.87471829424018
2015,439,186.87291469559273
2016,437,261.0369212856018
2017,439,188.0759422315096
2018,458,203.79031811556294
2019,491,221.9126982709287
2020,400,194.18816844544193
2021,482,187.6600673519755
2022,437,261.0424109058916
2023,419,185.42170589292184
2024,418,205.61137375544888
2025,470,221.56095194093746
2026,400,194.18816844544193
2027,457,187.11680909148455
2028,437,261.0424109058916
2029,429,187.87267681606318
2030,458,203.79031811556294
2031,491,221.9126982709287
2032,400,191.88519163059658
2033,420,188.83458542414627
2034,437,261.0369212856018
2035,429,187.85824946738597
2036,487,204.31696005904624
2037,470,221.56095194093746
2038,473,195.82288644170953
2039,425,186.67867749232553
2040,437,261.0424109058916
2041,419,185.43525897054047
2042,418,205.61137375544888
2043,450,222.60940261014952
2044,400,194.18816844544193
2045,420,188.83458542414627
2046,437,261.0369212856018
2047,429,187.87267681606318
2048,418,205.61137375544888
2049,450,222.60940261014952
2050,400,191.88519163059652
2051,439,186.87291469559273
2052,400,254.3570430408974
2053,439,188.0759422315096
2054,458,203.79031811556294
2055,470,221.56095194093746
2056,400,191.88519163059652
2057,439,186.87291469559273
2058,437,261.0369212856018
2059,429,187.87267681606315
2060,458,203.79031811556294
2061,491,221.9126982709287
2062,400,194.18816844544193
2063,482,187.6600673519755
2064,437,261.0369212856018
2065,419,185.4352589705405
2066,418,205.61137375544888
2067,470,221.56095194093746
2068,400,194.18816844544193
2069,419,186.59034877004524
2070,437,261.0424109058916
2071,429,187.87267681606315
2072,487,204.31696005904624
2073,491,221.9126982709287
2074,400,191.88519163059652
2075,420,188.83458542414627
2076,437,261.0424109058916
2077,429,187.87267681606315
2078,458,203.79031811556294
2079,470,221.56095194093746
2080,400,194.18816844544193
2081,530,188.746900216525
2082,437,261.07193565795035
2083,419,185.4422003100442
2084,422,205.7180833571061
2085,453,222.70089425593963
2086,400,194.2191510172261
2087,420,188.85593527773352
2088,437,261.0527338330705
2089,429,187.89831957882174
2090,422,205.7180833571061
2091,453,222.70089425593963
2092,400,191.916531199385
2093,530,188.746900216525
2094,413,256.39037214591497
2095,429,187.89831957882174
2096,417,203.1089308788104
2097,470,221.60693140432454
2098,400,191.916531199385
2099,530,188.75193682133346
2100,437,261.07193565795035
2101,429,187.90287030369876
2102,458,203.83989786949255
2103,504,222.16930911971218
2104,400,194.18816844544193
2105,405,186.39611156677802
2106,437,261.0369212856018
2107,419,185.42170589292184
2108,418,205.61137375544888
2109,470,221.56095194093746
2110,473,195.82288644170953
2111,405,186.39611156677802
2112,437,261.0369212856018
2113,429,187.85824946738597
2114,458,203.79031811556294
2115,470,221.56095194093746
2116,400,191.88519163059652
2117,420,188.8345854241463
2118,437,261.0369212856018
2119,444,188.18542874584128
2120,458,203.79031811556294
2121,470,221.56095194093746
2122,400,194.2191510172261
2123,530,188.746900216525
2124,437,261.07193565795035
2125,419,185.44220031004417
2126,422,205.70725187382837
2127,453,222.70089425593963
2128,463,195.6301799306331
2129,420,188.85593527773352
2130,437,261.0527338330705
2131,429,187.89831957882174
2132,418,205.64793108237396
2133,459,222.79949807180165
2134,400,191.89597637564017
2135,530,188.75193682133346
2136,483,257.68652662401263
2137,429,187.90287030369876
2138,417,203.1089308788104
2139,491,221.95202153620244
2140,498,149.53982423790566
2141,482,144.91141274694206
2142,473,203.19254860942047
2143,400,142.64151075040309
2144,410,154.66611277249436
2145,429,166.35216239844684
2146,490,151.1299284699679
2147,482,144.91141274694206
2148,473,203.19254860942047
2149,410,141.01033541187078
2150,400,142.64151075040309
2151,415,141.9583894936126
2152,400,142.6391663595289
2153,410,141.03479441399784
2154,440,145.0016982075888
2155,440,145.74842389317595
2156,456,144.4513419192784
2157,440,145.0016982075888
2158,498,149.5716527365956
2159,498,151.26260377443063
2160,468,149.94535799590838
2161,469,150.8203846245547
2162,483,149.295769396705
2163,426,155.8553033017243
2164,441,157.08494973623147
2165,409,154.65960964954382
2166,426,155.8553033017243
2167,409,154.65960964954382
2168,441,157.1408940635409
2169,441,157.1408940635409
2170,439,167.33965880337232
2171,439,167.33965880337232
2172,429,166.22678100371053
2173,439,167.33965880337234
2174,439,167.33965880337234
2175,439,167.33965880337234
2176,415,165.00406247048588
2177,415,165.07622298131517
2178,415,165.07622298131517
2179,439,167.49666908965497
2180,473,201.79725765870086
2181,473,203.19254860942047
2182,473,201.79725765870086
2183,473,201.80591424635185
2184,473,203.1925486094205
2185,531,205.67311205112904
2186,473,201.79725765870086
2187,531,204.29188445749722
2188,531,205.5642311829698
2189,473,201.71319590230664
2190,473,203.10242277142456
2191,473,201.71319590230664
2192,531,205.5642311829698
2193,473,203.10762419852153
2194,531,205.5642311829698
2195,473,201.71319590230664
2196,473,203.10762419852153
2197,531,205.5642311829698
2198,473,201.79725765870086
2199,473,203.19254860942047
2200,410,154.74026191955184
2201,439,167.49666908965497
2202,461,149.8169688552254
2203,440,145.8559696156707
2204,473,201.79725765870086
2205,415,141.9795817163313
2206,441,157.07368962936422
2207,415,165.04321745810634
2208,461,149.8169688552254
2209,482,144.91141274694206
2210,531,205.67311205112904
2211,400,142.6391663595289
2212,441,157.13688870326396
2213,439,167.43254945841574
2214,461,149.8169688552254
2215,440,145.80858593902315
2216,531,205.67311205112904
2217,400,142.64151075040309
2218,410,154.74026191955184
2219,415,165.07622298131517
2220,498,149.5716527365956
2221,440,145.80317705097428
2222,473,201.71319590230664
2223,430,142.15665044357036
2224,409,154.65960964954385
2225,415,165.00406247048588
2226,468,149.94535799590838
2227,440,145.74842389317595
2228,473,201.711488008819
2229,430,142.15665044357036
2230,441,157.08494973623147
2231,415,165.04321745810634
2232,461,149.8169688552254
2233,463,144.60608445101184
2234,531,205.67311205112904
2235,415,141.9583894936126
2236,441,157.07368962936422
2237,415,165.04321745810634
2238,461,149.8169688552254
2239,440,145.80858593902315
2240,473,201.79725765870086
2241,415,141.9583894936126
2242,410,154.74026191955184
2243,439,167.49666908965497
2244,498,150.41905902548766
2245,440,145.80317705097428
2246,473,201.711488008819
2247,430,142.15665044357036
2248,441,157.08494973623147
2249,415,164.96311898597105
2250,468,149.94535799590838
2251,440,144.22718974653617
2252,473,204.49071731955465
2253,400,142.64151075040309
2254,441,157.07368962936422
2255,439,167.49666908965497
2256,461,149.8169688552254
2257,440,145.8559696156707
2258,531,205.67311205112904
2259,400,142.63916635952887
2260,410,154.66611277249436
2261,415,165.04321745810634
2262,467,149.04379681254582
2263,440,145.80317705097428
2264,473,201.711488008819
2265,430,142.14211195162164
2266,409,154.65960964954382
2267,415,165.00406247048588
2268,498,150.41905902548763
2269,440,145.80317705097428
2270,473,201.71319590230664
2271,430,142.15665044357036
2272,441,157.1408940635409
2273,415,164.96311898597105
2274,483,150.18615250234365
2275,463,144.60608445101184
2276,531,205.67311205112904
2277,415,141.9795817163313
2278,441,157.07368962936422
2279,415,165.07622298131517
2280,461,149.8169688552254
2281,440,145.8559696156707
2282,473,201.79725765870086
2283,415,141.9583894936126
2284,410,154.66611277249436
2285,439,167.49666908965497
2286,498,150.41905902548763
2287,440,145.74842389317593
2288,473,201.711488008819
2289,430,142.15665044357036
2290,441,157.14089406354088
2291,415,164.96311898597105
2292,498,150.41905902548763
2293,456,144.45134191927838
2294,473,204.49071731955468
2295,400,142.61204432859304
2296,441,157.07368962936422
2297,439,167.49666908965497
2298,461,149.8169688552254
2299,440,145.8559696156707
2300,531,205.6745809440502
2301,400,142.64151075040309
2302,410,154.66611277249436
2303,415,165.04321745810634
2304,467,149.04379681254582
2305,440,145.80858593902315
2306,473,201.80591424635188
2307,415,141.9583894936126
2308,410,154.74026191955184
2309,415,165.07622298131517
2310,483,150.18615250234365
2311,440,145.8559696156707
2312,473,201.80591424635188
2313,415,141.9583894936126
2314,441,157.07368962936422
2315,415,165.04321745810634
2316,461,149.8169688552254
2317,482,144.91141274694203
2318,531,205.67311205112904
2319,415,141.9583894936126
2320,441,157.07368962936422
2321,415,165.07622298131517
2322,461,149.8169688552254
2323,440,145.80858593902315
2324,473,201.79725765870086
2325,415,141.9795817163313
2326,410,154.66611277249436
2327,439,167.49666908965497
2328,483,150.18615250234365
2329,440,145.8559696156707
2330,473,201.80591424635188
2331,429,142.16927857697024
2332,441,157.08494973623147
2333,415,164.96311898597105
2334,498,150.41905902548763
2335,440,144.22718974653617
2336,531,205.5642311829698
2337,400,142.61204432859304
2338,441,157.1408940635409
2339,439,167.4117217497315
2340,468,149.94535799590838
2341,440,145.74842389317593
2342,473,204.49071731955468
2343,400,142.63916635952887
2344,410,154.66611277249436
2345,415,165.04321745810634
2346,498,149.53982423790566
2347,440,145.80858593902315
2348,473,201.79725765870086
2349,415,141.9795817163313
2350,410,141.01033541187078
2351,410,141.03479441399782
2352,429,142.16927857697024
2353,400,142.63916635952887
2354,482,144.91141274694203
2355,440,145.05642553080764
2356,440,145.8559696156707
2357,463,144.60608445101184
2358,461,149.8169688552254
2359,467,149.04379681254582
2360,483,151.03498809888256
2361,461,149.8169688552254
2362,483,151.03498809888256
2363,410,154.66611277249436
2364,426,155.91903963506914
2365,441,157.13688870326396
2366,410,154.66611277249436
2367,426,155.91903963506914
2368,410,154.66611277249436
2369,441,157.13688870326396
2370,429,166.35216239844684
2371,439,167.43254945841574
2372,415,165.07622298131517
2373,429,166.35216239844684
2374,439,167.4117217497315
2375,415,165.00406247048588
2376,429,166.22678100371053
2377,415,165.00406247048588
2378,439,167.4117217497315
2379,439,167.33965880337234
2380,473,204.49071731955465
2381,473,204.49071731955465
2382,473,203.10242277142456
2383,473,204.49071731955465
2384,473,204.49071731955465
2385,473,204.49071731955465
2386,473,201.711488008819
2387,473,201.71319590230664
2388,473,201.71319590230664
2389,531,205.5642311829698
2390,473,201.80591424635188
2391,531,204.2918844574972
2392,473,201.80591424635188
2393,473,201.80591424635188
2394,531,204.2918844574972
2395,531,205.67311205112904
2396,473,201.79725765870086
2397,473,203.19254860942047
2398,473,204.49071731955465
2399,473,201.71319590230664
2400,426,155.8553033017243
2401,415,165.00406247048588
2402,468,150.80689500977385
2403,440,145.03861994399358
2404,531,205.5642311829698
2405,410,141.01096223309028
2406,426,155.92470886046368
2407,439,167.43254945841574
2408,468,149.057436890024
2409,440,145.05642553080764
2410,473,201.80591424635188
2411,400,142.64151075040309
2412,426,155.8423559896503
2413,439,167.49666908965497
2414,468,149.057436890024
2415,462,145.39662333466646
2416,531,205.6745809440502
2417,410,141.01033541187078
2418,426,155.8423559896503
2419,415,165.04321745810634
2420,461,150.68397208904375
2421,440,145.80858593902315
2422,473,204.5832006253907
2423,400,142.64151075040309
2424,426,155.91903963506914
2425,439,167.4117217497315
2426,498,151.26260377443066
2427,440,145.80317705097428
2428,473,201.711488008819
2429,410,140.9938939402791
2430,449,154.95035895200533
2431,439,167.4117217497315
2432,483,149.295769396705
2433,440,145.00169820758882
2434,473,201.71319590230664
2435,410,141.01033541187078
2436,426,155.91903963506914
2437,439,167.49666908965497
2438,468,149.057436890024
2439,462,145.39662333466646
2440,473,204.5832006253907
2441,410,141.03479441399784
2442,426,155.8423559896503
2443,415,165.04321745810634
2444,461,150.68397208904375
2445,462,145.39662333466646
2446,531,205.56423118296982
2447,410,140.9938939402791
2448,426,155.92470886046368
2449,439,167.33965880337232
2450,483,149.295769396705
2451,440,145.00169820758882
2452,473,201.711488008819
2453,400,142.60690552258538
2454,426,155.92470886046368
2455,439,167.4117217497315
2456,498,149.53982423790566
2457,462,145.39662333466646
2458,473,204.5832006253907
2459,410,141.03479441399784
2460,426,155.8423559896503
2461,415,165.07622298131517
2462,461,150.68397208904375
2463,440,145.80858593902315
2464,531,205.67311205112904
2465,400,142.64151075040309
2466,426,155.8423559896503
2467,439,167.4325494584157
2468,461,150.68397208904375
2469,440,145.74842389317593
2470,473,201.711488008819
2471,410,140.9938939402791
2472,409,154.65960964954382
2473,439,167.33965880337234
2474,483,149.295769396705
2475,440,145.0016982075888
2476,473,201.71319590230664
2477,410,140.9938939402791
2478,426,155.92470886046368
2479,439,167.4117217497315
2480,498,149.53982423790566
2481,462,145.39662333466646
2482,531,205.67311205112904
2483,410,141.03479441399784
2484,426,155.8423559896503
2485,415,165.0432174581063
2486,461,150.68397208904375
2487,440,145.05642553080764
2488,473,204.58320062539067
2489,410,141.03479441399784
2490,426,155.8423559896503
2491,439,167.49666908965497
2492,468,149.057436890024
2493,462,145.39662333466646
2494,473,201.711488008819
2495,400,142.61204432859304
2496,426,155.8553033017243
2497,439,167.33965880337234
2498,483,149.295769396705
2499,440,145.03861994399358
2500,531,205.56423118296982
2501,410,140.9938939402791
2502,426,155.8553033017243
2503,415,165.00406247048588
2504,498,151.26260377443063
2505,440,145.80317705097428
2506,473,204.49071731955465
2507,400,142.60690552258538
2508,426,155.92470886046368
2509,439,167.33965880337234
2510,498,151.26260377443063
2511,440,145.74842389317593
2512,473,201.711488008819
2513,410,141.01096223309028
2514,409,154.65960964954382
2515,439,167.4117217497315
2516,483,149.295769396705
2517,440,145.03861994399358
2518,473,201.71319590230664
2519,409,154.65960964954382
2520,429,166.2754083992957
2521,468,150.80689500977385
2522,440,144.22718974653617
2523,473,203.10242277142456
2524,408,142.71437096649353
2525,449,154.95035895200533
2526,429,166.22678100371053
2527,498,149.5716527365956
2528,440,145.74842389317593
2529,473,203.10242277142456
2530,400,142.61204432859304
2531,409,154.65960964954382
2532,429,166.2754083992957
2533,469,150.8203846245547
2534,477,144.78919606386143
2535,473,203.10762419852153
2536,410,140.9938939402791
2537,441,157.14089406354088
2538,429,166.2754083992957
2539,400,94.6314847088837
2540,403,91.46957883107895
2541,400,116.12206064134699
2542,400,89.2001089391765
2543,432,96.0532073941543
2544,400,100.81710920383044
2545,400,93.34050271751875
2546,400,92.47730888256248
2547,400,116.9570229808199
2548,400,89.2001089391765
2549,432,97.3977032455174
2550,400,100.8491894013036
2551,400,94.6296669252761
2552,400,92.46229068882155
2553,400,116.85478238797708
2554,400,88.00836808071755
2555,432,96.04155186632921
2556,400,100.06606729368907
2557,400,94.59051677866564
2558,400,91.37092755294712
2559,400,116.01863723973132
2560,400,88.00322826254911
2561,432,96.10640712533362
2562,400,100.7663817300929
2563,400,94.58592620190582
2564,400,91.39033221727918
2565,400,116.10583014072553
2566,400,89.2001089391765
2567,432,96.12244740949228
2568,400,100.8491894013036
2569,400,93.39788202350532
2570,400,92.47730888256248
2571,400,116.12206064134699
2572,400,89.2001089391765
2573,432,96.0532073941543
2574,400,100.81710920383043
2575,400,94.59051677866564
2576,400,91.37092755294712
2577,400,116.01863723973132
2578,400,88.00322826254911
2579,432,97.3823160810168
2580,400,100.7663817300929
2581,400,94.63148470888369
2582,400,91.33019130679966
2583,400,116.01863723973132
2584,400,89.16597199085685
2585,432,96.10640712533362
2586,400,100.7663817300929
2587,400,93.40324368284625
2588,400,92.41362284871553
2589,400,116.85478238797708
2590,400,89.16597199085685
2591,432,97.43499120598324
2592,400,100.7663817300929
2593,400,94.63148470888369
2594,400,92.46229068882155
2595,400,116.85478238797705
2596,400,88.00836808071755
2597,432,96.04155186632921
2598,400,100.0311282016713
2599,400,94.59051677866563
2600,400,91.33019130679966
2601,400,116.01863723973132
2602,400,88.00322826254911
2603,432,96.10640712533362
2604,400,100.8491894013036
2605,400,94.6296669252761
2606,403,91.46957883107895
2607,400,116.12206064134699
2608,400,89.20253176966919
2609,432,96.0532073941543
2610,400,100.8491894013036
2611,400,93.34050271751875
2612,400,92.47730888256248
2613,400,116.10583014072553
2614,400,89.20253176966922
2615,432,96.12244740949228
2616,400,100.8491894013036
2617,400,94.59051677866564
2618,400,91.33019130679966
2619,400,116.00837583211356
2620,400,88.00322826254911
2621,432,97.38231608101681
2622,400,100.72963865266439
2623,400,94.59051677866564
2624,400,91.37092755294712
2625,400,116.01863723973132
2626,400,89.15890600640292
2627,432,96.10640712533362
2628,400,100.72963865266439
2629,400,93.40324368284625
2630,400,92.41362284871553
2631,400,116.85065971648177
2632,400,89.16597199085685
2633,432,97.3823160810168
2634,400,100.7663817300929
2635,400,94.59051677866563
2636,400,92.46229068882154
2637,400,116.85478238797705
2638,432,96.0415518663292
2639,400,100.06606729368907
2640,400,93.39788202350532
2641,400,92.47730888256248
2642,400,115.28518324043416
2643,400,88.63519600542912
2644,432,96.1224474094923
2645,400,100.11759141556381
2646,400,94.0103682037355
2647,400,92.47730888256248
2648,400,115.2673144029758
2649,400,88.62673286263978
2650,432,97.3977032455174
2651,400,100.14789845599576
2652,400,93.95545814309105
2653,400,91.37092755294712
2654,400,116.85478238797705
2655,400,88.59754409562615
2656,432,97.3823160810168
2657,400,100.0311282016713
2658,400,93.96324283892787
2659,400,92.41362284871553
2660,400,115.18271462991417
2661,400,88.59369807593562
2662,432,96.10640712533362
2663,400,101.41984164542225
2664,400,94.0153574697886
2665,400,92.46229068882154
2666,400,115.18271462991417
2667,400,88.62673286263977
2668,432,97.3977032455174
2669,400,100.11759141556381
2670,400,93.95545814309105
2671,403,91.46957883107895
2672,400,116.95890186261008
2673,400,89.20253176966922
2674,432,97.3977032455174
2675,400,101.50626173797815
2676,400,93.95545814309105
2677,400,92.41362284871553
2678,400,116.85478238797708
2679,400,89.15890600640293
2680,432,96.0415518663292
2681,400,100.06606729368907
2682,400,93.40324368284625
2683,400,92.46229068882154
2684,400,115.18271462991417
2685,400,88.59754409562615
2686,432,96.0415518663292
2687,400,100.0311282016713
2688,400,94.0153574697886
2689,400,92.41362284871553
2690,400,115.18271462991417
2691,400,88.59369807593562
2692,432,97.43499120598324
2693,400,100.06606729368907
2694,400,93.96324283892787
2695,400,91.33019130679966
2696,400,116.85478238797705
2697,400,88.59369807593562
2698,432,97.3823160810168
2699,400,100.0311282016713
2700,400,94.0153574697886
2701,400,92.41362284871553
2702,400,115.17077244156503
2703,400,88.59754409562615
2704,432,96.0415518663292
2705,400,101.37110657005812
2706,400,94.0153574697886
2707,400,92.46229068882154
2708,400,115.17077244156503
2709,400,88.59754409562615
2710,432,97.38231608101681
2711,400,100.11759141556381
2712,400,93.95545814309105
2713,403,91.46957883107895
2714,400,116.95890186261008
2715,400,89.20253176966922
2716,432,97.45481443623042
2717,400,101.50626173797814
2718,400,94.0103682037355
2719,400,92.47730888256248
2720,400,116.9570229808199
2721,400,89.2001089391765
2722,432,96.0532073941543
2723,400,100.11759141556381
2724,400,93.34050271751873
2725,400,92.47730888256248
2726,400,115.2673144029758
2727,400,88.62673286263977
2728,432,96.0532073941543
2729,400,100.14789845599576
2730,400,94.0103682037355
2731,400,92.52195839076214
2732,400,115.2673144029758
2733,400,88.63519600542912
2734,432,97.3977032455174
2735,400,100.14789845599576
2736,400,94.0103682037355
2737,403,91.46957883107895
2738,400,116.85478238797705
2739,400,88.59369807593562
2740,432,97.43499120598324
2741,400,100.06606729368907
2742,400,93.96324283892787
2743,400,92.41362284871553
2744,400,115.18271462991417
2745,400,88.59754409562615
2746,432,96.10640712533362
2747,400,101.37110657005812
2748,400,94.0153574697886
2749,400,92.41362284871553
2750,400,115.17077244156503
2751,400,88.59369807593562
2752,432,97.3823160810168
2753,400,100.06606729368907
2754,400,93.96324283892787
2755,400,91.37092755294712
2756,400,116.85478238797705
2757,432,97.3823160810168
2758,400,101.37110657005812
2759,400,94.63148470888369
2760,400,91.88123372413565
2761,400,116.85065971648177
2762,400,89.16597199085685
2763,432,97.43499120598324
2764,400,100.0311282016713
2765,400,93.40324368284625
2766,400,91.37092755294712
2767,400,116.85478238797705
2768,400,88.00322826254911
2769,432,96.68208798118901
2770,400,100.06606729368907
2771,400,93.34858363493987
2772,404,91.97674860837694
2773,400,116.85065971648177
2774,400,88.00322826254911
2775,432,96.76228478092881
2776,400,101.50626173797814
2777,400,93.39788202350532
2778,400,91.94194042210206
2779,400,115.2673144029758
2780,400,89.2001089391765
2781,432,96.69436969216717
2782,400,101.46222135876181
2783,400,93.34050271751875
2784,400,91.94194042210206
2785,400,116.9570229808199
2786,400,88.0357105857508
2787,432,96.76228478092881
2788,400,100.14789845599576
